"city","ColumnValues (right)","ColumnValues (right) (right)"
"Viseu",40.6574713,-7.9138664
"Braga",41.5510583,-8.4280045
"Faro",37.0162727,-7.9351771
"Barcelos",41.5314496,-8.6192306
"Lisboa",38.7077507,-9.1365919
"Aveiro",40.640496,-8.6537841
"Viana do Castelo",41.694867,-8.831088
